{
    "paths": {
        "cartodb": {
            "body": "api_docs/includes/ipython_notebooks/cartodb/body.html", 
            "config": "api_docs/includes/ipython_notebooks/cartodb/config.json"
        }, 
        "bicycle_control": {
            "body": "api_docs/includes/ipython_notebooks/bicycle_control/body.html", 
            "config": "api_docs/includes/ipython_notebooks/bicycle_control/config.json"
        }, 
        "redshift": {
            "body": "api_docs/includes/ipython_notebooks/redshift/body.html", 
            "config": "api_docs/includes/ipython_notebooks/redshift/config.json"
        }, 
        "sqlite": {
            "body": "api_docs/includes/ipython_notebooks/sqlite/body.html", 
            "config": "api_docs/includes/ipython_notebooks/sqlite/config.json"
        }, 
        "networkx": {
            "body": "api_docs/includes/ipython_notebooks/networkx/body.html", 
            "config": "api_docs/includes/ipython_notebooks/networkx/config.json"
        }, 
        "gmail": {
            "body": "api_docs/includes/ipython_notebooks/gmail/body.html", 
            "config": "api_docs/includes/ipython_notebooks/gmail/config.json"
        }, 
        "ukelectionbbg": {
            "body": "api_docs/includes/ipython_notebooks/ukelectionbbg/body.html", 
            "config": "api_docs/includes/ipython_notebooks/ukelectionbbg/config.json"
        }, 
        "principal_component_analysis": {
            "body": "api_docs/includes/ipython_notebooks/principal_component_analysis/body.html", 
            "config": "api_docs/includes/ipython_notebooks/principal_component_analysis/config.json"
        }, 
        "montecarlo": {
            "body": "api_docs/includes/ipython_notebooks/montecarlo/body.html", 
            "config": "api_docs/includes/ipython_notebooks/montecarlo/config.json"
        }, 
        "apachespark": {
            "body": "api_docs/includes/ipython_notebooks/apachespark/body.html", 
            "config": "api_docs/includes/ipython_notebooks/apachespark/config.json"
        }, 
        "markowitz": {
            "body": "api_docs/includes/ipython_notebooks/markowitz/body.html", 
            "config": "api_docs/includes/ipython_notebooks/markowitz/config.json"
        }, 
        "excel_python_and_plotly": {
            "body": "api_docs/includes/ipython_notebooks/excel_python_and_plotly/body.html", 
            "config": "api_docs/includes/ipython_notebooks/excel_python_and_plotly/config.json"
        }, 
        "collaborate": {
            "body": "api_docs/includes/ipython_notebooks/collaborate/body.html", 
            "config": "api_docs/includes/ipython_notebooks/collaborate/config.json"
        }, 
        "bioinformatics": {
            "body": "api_docs/includes/ipython_notebooks/bioinformatics/body.html", 
            "config": "api_docs/includes/ipython_notebooks/bioinformatics/config.json"
        }, 
        "make_subplots": {
            "body": "api_docs/includes/ipython_notebooks/make_subplots/body.html", 
            "config": "api_docs/includes/ipython_notebooks/make_subplots/config.json"
        }, 
        "salesforce": {
            "body": "api_docs/includes/ipython_notebooks/salesforce/body.html", 
            "config": "api_docs/includes/ipython_notebooks/salesforce/config.json"
        }, 
        "pytables": {
            "body": "api_docs/includes/ipython_notebooks/pytables/body.html", 
            "config": "api_docs/includes/ipython_notebooks/pytables/config.json"
        }, 
        "baltimore": {
            "body": "api_docs/includes/ipython_notebooks/baltimore/body.html", 
            "config": "api_docs/includes/ipython_notebooks/baltimore/config.json"
        }, 
        "mne-tutorial": {
            "body": "api_docs/includes/ipython_notebooks/mne-tutorial/body.html", 
            "config": "api_docs/includes/ipython_notebooks/mne-tutorial/config.json"
        }, 
        "cufflinks": {
            "body": "api_docs/includes/ipython_notebooks/cufflinks/body.html", 
            "config": "api_docs/includes/ipython_notebooks/cufflinks/config.json"
        }, 
        "aircraft_pitch": {
            "body": "api_docs/includes/ipython_notebooks/aircraft_pitch/body.html", 
            "config": "api_docs/includes/ipython_notebooks/aircraft_pitch/config.json"
        }, 
        "basemap": {
            "body": "api_docs/includes/ipython_notebooks/basemap/body.html", 
            "config": "api_docs/includes/ipython_notebooks/basemap/config.json"
        }, 
        "survival_analysis": {
            "body": "api_docs/includes/ipython_notebooks/survival_analysis/body.html", 
            "config": "api_docs/includes/ipython_notebooks/survival_analysis/config.json"
        }
    }, 
    "splash": [
        {
            "title_short": "pytables", 
            "thumbnail_image": "", 
            "relative_url": "pytables", 
            "title": "Graphing Data From HDF5, Pandas, PyTables and Plotly"
        }, 
        {
            "title_short": "Online Dashboards with Excel, Python, & Plotly", 
            "thumbnail_image": "", 
            "relative_url": "excel-python-and-plotly", 
            "title": "Online Dashboards with Excel, Python, & Plotly"
        }, 
        {
            "title_short": "Plotly visualizations for MNE-Python", 
            "thumbnail_image": "", 
            "relative_url": "mne-tutorial", 
            "title": "Plotly visualizations for MNE-Python \n to process MEG/EEG data"
        }, 
        {
            "title_short": "Bicycle Control", 
            "thumbnail_image": "model-diagram.svg", 
            "relative_url": "bicycle-control-design", 
            "title": "Bicycle Control Design with Python and Plotly"
        }, 
        {
            "title_short": "Bayesian Analysis", 
            "thumbnail_image": "", 
            "relative_url": "computational-bayesian-analysis", 
            "title": "Computational Methods in Bayesian Analysis"
        }, 
        {
            "title_short": "Exploratory bioinformatics", 
            "thumbnail_image": "", 
            "relative_url": "bioinformatics", 
            "title": "Visualizing biological data: exploratory bioinformatics with plot.ly"
        }, 
        {
            "title_short": "Baltimore", 
            "thumbnail_image": "", 
            "relative_url": "baltimore-vital-signs", 
            "title": "Baltimore Vital Signs"
        }, 
        {
            "title_short": "Aircraft Pitch in MATLAB and Plotly", 
            "thumbnail_image": "", 
            "relative_url": "aircraft-pitch-analysis-matlab-plotly", 
            "title": "Aircraft Pitch Analysis in MATLAB and Plotly"
        }, 
        {
            "title_short": "Cufflinks: Plotly + Pandas", 
            "thumbnail_image": "ukswaps.gif", 
            "relative_url": "cufflinks", 
            "title": "Cufflinks - Easy Plotting using Plotly and Pandas"
        }, 
        {
            "title_short": "Survival Analysis with Plotly: R vs Python", 
            "thumbnail_image": "", 
            "relative_url": "survival-analysis-r-vs-python", 
            "title": "Survival Analysis with Plotly: R vs Python"
        }, 
        {
            "title_short": "Amazon Redshift", 
            "thumbnail_image": "", 
            "relative_url": "amazon-redshift", 
            "title": "Plotting Data From Your Redshift Data Warehouse"
        }, 
        {
            "title_short": "Apache PySpark", 
            "thumbnail_image": "", 
            "relative_url": "apache-spark", 
            "title": "Plotting Spark DataFrames with Plotly"
        }, 
        {
            "title_short": "Principal Component Analysis", 
            "thumbnail_image": "", 
            "relative_url": "principal-component-analysis", 
            "title": "Principal Component Analysis in 3 Simple Steps"
        }, 
        {
            "title_short": "Big data analytics with Pandas and SQLite", 
            "thumbnail_image": "", 
            "relative_url": "big-data-analytics-with-pandas-and-sqlite", 
            "title": "Big data analytics with Pandas and SQLite"
        }, 
        {
            "title_short": "Bloomberg/Quandl with Plotly", 
            "thumbnail_image": "", 
            "relative_url": "ukelectionbbg", 
            "title": "Plotting GBP/USD price action around UK general elections"
        }, 
        {
            "title_short": "Interactive graphing with Salesforce", 
            "thumbnail_image": "", 
            "relative_url": "salesforce", 
            "title": "Interactive graphing with Salesforce"
        }, 
        {
            "title_short": "Graph Gmail inbox data", 
            "thumbnail_image": "", 
            "relative_url": "graph-gmail-inbox-data", 
            "title": "Graph Gmail inbox data with IPython notebook"
        }, 
        {
            "title_short": "Markowitz portfolio optimization", 
            "thumbnail_image": "", 
            "relative_url": "markowitz-portfolio-optimization", 
            "title": "Markowitz portfolio optimization"
        }, 
        {
            "title_short": "CartoDB + Plotly", 
            "thumbnail_image": "", 
            "relative_url": "cartodb", 
            "title": "CartoDB and Plotly"
        }, 
        {
            "title_short": "plotly and networkx", 
            "thumbnail_image": "", 
            "relative_url": "network-graphs", 
            "title": "Network Graphs with the networkx and\n plotly Python Modules"
        }, 
        {
            "title_short": "subplots", 
            "thumbnail_image": "", 
            "relative_url": "subplots", 
            "title": "Python Subplots with Plotly and make_subplots"
        }, 
        {
            "title_short": "Plotly maps", 
            "thumbnail_image": "", 
            "relative_url": "basemap-maps", 
            "title": "Plotly maps with Matplotlib Basemap"
        }, 
        {
            "title_short": "Collaboration with Plotly", 
            "thumbnail_image": "", 
            "relative_url": "collaboration", 
            "title": "Collaboration with Plotly using Python, R and MATLAB"
        }
    ], 
    "notebooks": [
        "pytables", 
        "excel_python_and_plotly", 
        "mne-tutorial", 
        "bicycle_control", 
        "montecarlo", 
        "bioinformatics", 
        "baltimore", 
        "aircraft_pitch", 
        "cufflinks", 
        "survival_analysis", 
        "redshift", 
        "apachespark", 
        "principal_component_analysis", 
        "sqlite", 
        "ukelectionbbg", 
        "salesforce", 
        "gmail", 
        "markowitz", 
        "cartodb", 
        "networkx", 
        "make_subplots", 
        "basemap", 
        "collaborate"
    ]
}
