{
    "title": "", // page title and <title>
    "title_short": "",  // on page breadcrumb and below thumbnail
    "meta_description": "",  // <meta description>
    "cells": [0, -1], // start/end indices of the cells to be published
    "relative_url": "",  // url from /IPython-Notebooks/
    "thumbnail_image": "",  // path to thumbnail image
    "non_pip_deps": [
        {   // dependencies that can't we installed with pip
            "name": "" ,       // e.g. "MATLAB"
            "urls": "",        // ["urls", "to", "more", "info"]
            "description": ""  // "a short description about this dependency"
        }
    ]
}
